station,hour,latitude,longitude,temperature,closest_station_1_temp,closest_station_2_temp,closest_station_3_temp,closest_1_distance,closest_2_distance,closest_3_distance,day_of_year,adjusted_lst,valueImperviousfraction,valueTreefraction,valueBuildingheight,valueNearestDistWater,valueWaterfraction,valueBuildingfraction,beg_time,delta_temp,old_temperature,t_5,t_4,t_3,t_2,t_1
KWIMADIS114,23,43.010033,-89.511818,-1.3136693740306598,20.689655172413794,21.982303337424284,19.96551724137931,0.9937767527973965,0.9925407270494037,0.9878129258137441,166.0,0.5206061421725874,56.4,16.0,0.0,0.0017817437683142982,0.0,0.0,2021-06-01,-1.3136693740306598,19.482758620689655,-0.07229006368583057,-0.14125558092721135,-0.27918661540996936,0.45357200527968544,-1.2102210981685921
KWIMADIS118,23,43.143295,-89.308395,-0.14125558092721135,21.448275862068964,20.275862068965516,20.620689655172413,0.994408322367895,0.9858230455319938,0.9710876203919971,166.0,-0.6627271911607496,49.57142857142857,10.714285714285712,13.5816666667,0.0031453617621623334,0.0,15.9223,2021-06-01,-0.14125558092721135,20.655172413793103,-0.14125558092721135,-0.27918661540996936,0.45357200527968544,-1.2102210981685921,-1.3136693740306598
KWIMADIS119,23,43.137756,-89.309364,0.6518478673486499,20.655172413793103,20.275862068965516,20.620689655172413,0.994408322367895,0.9912151841019348,0.9666688971243204,166.0,1.0639394755059293,39.11111111111113,34.77777777777778,15.255999999999998,0.0012823866437075798,0.0,7.47376,2021-06-01,0.6518478673486499,21.448275862068964,-0.27918661540996936,0.45357200527968544,-1.2102210981685921,-1.3136693740306598,-0.14125558092721135
KWIMADIS120,23,43.046539,-89.439461,-1.036427994720313,23.0048,20.4,20.68,0.9924995229790212,0.9918925207572489,0.9899585212747413,166.08,1.283939475505928,21.0,20.285714285714285,12.725,0.016139189995087382,0.0,12.0123,2021-06-01,-1.036427994720313,19.76,0.45357200527968544,-1.2102210981685921,-1.3136693740306598,-0.14125558092721135,0.6518478673486499
KWIMADIS130,23,43.06041,-89.33855400000002,0.7208133845900306,21.724137931034484,21.031785375811037,21.413793103448278,0.9965751260699438,0.9923327274551197,0.9895997168533727,166.0,2.153939475505913,14.0,36.75,12.686,0.00380714334285089,0.0,17.2225,2021-06-01,0.7208133845900306,21.517241379310345,-1.2102210981685921,-1.3136693740306598,-0.14125558092721135,0.6518478673486499,-1.036427994720313
KWIMADIS132,23,43.02747,-89.530556,-0.7964279947203146,19.79310344827586,19.96551724137931,21.895667550839967,0.9869500702463119,0.9866590691313135,0.9765966595618267,166.0,0.5272728088392586,60.75,4.625,0.0,0.0014239639507889596,0.0,0.0,2021-06-01,-0.7964279947203146,20.0,-1.3136693740306598,-0.14125558092721135,0.6518478673486499,-1.036427994720313,0.7208133845900306
KWIMADIS134,23,43.038223,-89.470428,-0.14125558092721135,20.03448275862069,19.24137931034483,20.517241379310345,0.9947868128025656,0.9924374628865849,0.9865068598931617,166.0,1.6739394755059147,20.166666666666668,24.0,13.67,0.0014894094404217246,0.0,14.9683,2021-06-01,-0.14125558092721135,20.655172413793103,-0.14125558092721135,0.6518478673486499,-1.036427994720313,0.7208133845900306,-0.7964279947203146
KWIMADIS138,23,43.068901,-89.470978,1.617365108727963,20.82758620689655,20.620689655172413,20.310344827586206,0.9969854935521597,0.991057590920917,0.9853635763081438,166.0,1.6339394755059227,22.25,41.0,11.898,0.0017728112664825585,0.0,8.56346,2021-06-01,1.617365108727963,22.413793103448278,0.6518478673486499,-1.036427994720313,0.7208133845900306,-0.7964279947203146,-0.14125558092721135
KWIMADIS151,23,43.055369999999996,-89.453148,-0.45160040851341776,20.655172413793103,20.344827586206897,20.517241379310345,0.992360216728578,0.992158324925456,0.9919462597281355,166.0,1.790606142172589,30.5,22.0,10.586,0.0007672167854683968,0.0,11.6024,2021-06-01,-0.45160040851341776,20.344827586206897,-1.036427994720313,0.7208133845900306,-0.7964279947203146,-0.14125558092721135,1.617365108727963
KWIMADIS175,23,42.997288,-89.418129,0.755296143210721,20.75862068965517,20.551724137931036,23.107262109087667,0.9887240546983032,0.9864679264547301,0.9805918674831461,166.0,1.6339394755059227,56.5,2.333333333333333,0.0,0.0011619758623158001,0.0,0.0,2021-06-01,0.755296143210721,21.551724137931036,0.7208133845900306,-0.7964279947203146,-0.14125558092721135,1.617365108727963,-0.45160040851341776
KWIMADIS18,23,43.062302,-89.456497,-0.14125558092721135,18.694259695078276,20.344827586206897,20.344827586206897,0.9946919247972036,0.9924304826212204,0.992360216728578,166.0,1.970606142172576,43.285714285714285,30.428571428571423,14.2571428571,0.00076211430721648,0.0,18.3363,2021-06-01,-0.14125558092721135,20.655172413793103,-0.7964279947203146,-0.14125558092721135,1.617365108727963,-0.45160040851341776,0.755296143210721
KWIMADIS187,23,43.03254299999999,-89.484116,-0.17573833954790175,20.517241379310345,20.655172413793103,20.03448275862069,0.9947113375851889,0.9889862631460609,0.986073296680139,166.0,1.3072728088392598,37.333333333333336,21.166666666666668,11.90875,0.0006856659741458132,0.0,16.2447,2021-06-01,-0.17573833954790175,20.620689655172413,-0.14125558092721135,1.617365108727963,-0.45160040851341776,0.755296143210721,-0.14125558092721135
KWIMADIS195,23,43.053078,-89.465202,-0.29642799472031456,20.692307692307693,20.692307692307693,20.53846153846154,0.9987969210190861,0.9975542849479565,0.9878787566402695,166.65384615384616,2.000606142172577,40.77777777777778,21.11111111111111,11.3666666667,0.001444029343406296,0.0,21.689200000000003,2021-06-01,-0.29642799472031456,20.5,1.617365108727963,-0.45160040851341776,0.755296143210721,-0.14125558092721135,-0.17573833954790175
KWIMADIS198,23,43.05655699999999,-89.314568,-0.45160040851341776,21.482758620689655,21.517241379310345,21.724137931034484,0.9861407640543121,0.9762826834071727,0.9742085110902768,166.0,2.1372728088392527,35.0,32.25,14.255,0.0037748354694785947,0.0,13.54,2021-06-01,-0.45160040851341776,20.344827586206897,-0.45160040851341776,0.755296143210721,-0.14125558092721135,-0.17573833954790175,-0.29642799472031456
KWIMADIS199,23,43.146137,-89.386917,-0.5895314429961758,19.586206896551722,20.586206896551722,23.167487684729064,0.9768374053735649,0.966592562739671,0.9523265150797242,166.0,0.6439394755059223,38.42857142857143,29.0,0.0,0.0019707246463842427,0.0,17.4228,2021-06-01,-0.5895314429961758,20.20689655172414,0.755296143210721,-0.14125558092721135,-0.17573833954790175,-0.29642799472031456,-0.45160040851341776
KWIMADIS201,23,43.060829,-89.327957,0.6863306259693402,21.517241379310345,21.724137931034484,21.354523583874023,0.9895060114018142,0.9868264393327518,0.9861774264111146,166.0,2.170606142172593,43.0,23.0,12.6266666667,0.0011388812130105636,0.0,23.3107,2021-06-01,0.6863306259693402,21.482758620689655,-0.14125558092721135,-0.17573833954790175,-0.29642799472031456,-0.45160040851341776,-0.5895314429961758
KWIMADIS208,23,43.129665,-89.312981,-0.5205659257547985,21.448275862068964,20.655172413793103,20.7041437264561,0.9912151841019348,0.9858230455319938,0.9645262686615235,166.0,1.3706061421725817,33.5,23.666666666666668,12.434,0.0007295886636878581,0.0,11.8257,2021-06-01,-0.5205659257547985,20.275862068965516,-0.17573833954790175,-0.29642799472031456,-0.45160040851341776,-0.5895314429961758,0.6863306259693402
KWIMADIS214,23,43.000671,-89.398628,2.3108341143673528,21.551724137931036,20.75862068965517,20.551724137931036,0.9805918674831461,0.9713790994648336,0.9697082848811934,166.0,1.0906061421725912,88.2,0.0,0.0,0.0026936665863510727,0.0,0.0,2021-06-01,2.3108341143673528,23.107262109087667,-0.29642799472031456,-0.45160040851341776,-0.5895314429961758,0.6863306259693402,-0.5205659257547985
KWIMADIS215,23,43.01754,-89.487358,-0.036427994720312995,20.48,20.52,21.44,0.9971915707301687,0.99120425948576,0.9883880548627831,164.16,0.9739394755059169,55.75,22.25,12.508,0.0009051666527854216,0.0,15.109000000000002,2021-06-01,-0.036427994720312995,20.76,-0.45160040851341776,-0.5895314429961758,0.6863306259693402,-0.5205659257547985,2.3108341143673528
KWIMADIS223,23,43.004829,-89.429588,-0.24470385678927897,20.75862068965517,20.517241379310345,20.724137931034484,0.9975836668122489,0.9931438957991152,0.9880642557687173,166.0,0.5106061421725876,15.0,48.25,0.0,0.002778462956907495,0.0,12.5618,2021-06-01,-0.24470385678927897,20.551724137931036,-0.5895314429961758,0.6863306259693402,-0.5205659257547985,2.3108341143673528,-0.036427994720312995
KWIMADIS226,23,43.033001,-89.431999,0.7253111357144668,20.41304347826087,23.932417211083578,23.0,0.9847770261036375,0.9839805666402553,0.9808949946737876,167.17391304347825,1.7039394755059067,28.0,44.5,15.153333333299999,0.0023762131052370503,0.0,18.431,2021-06-01,0.7253111357144668,21.52173913043478,0.6863306259693402,-0.5205659257547985,2.3108341143673528,-0.036427994720312995,-0.24470385678927897
KWIMADIS233,23,43.110001,-89.351997,-0.03780730506514374,23.167487684729064,21.379310344827587,21.586206896551722,0.9936346851579583,0.985178811677122,0.9801816508694313,166.0,2.340606142172581,42.8,16.4,11.527,0.0007412259152093679,0.0,14.4641,2021-06-01,-0.03780730506514374,20.75862068965517,-0.5205659257547985,2.3108341143673528,-0.036427994720312995,-0.24470385678927897,0.7253111357144668
KWIMADIS238,23,43.036915,-89.378067,0.30702028114175306,21.413793103448278,23.107262109087667,21.724137931034484,0.9650189029727284,0.9599970014698217,0.9591026748688228,166.0,2.497272808839247,11.0,2.5,0.0,0.0008706741721136696,0.0,0.0,2021-06-01,0.30702028114175306,21.103448275862068,2.3108341143673528,-0.036427994720312995,-0.24470385678927897,0.7253111357144668,-0.03780730506514374
KWIMADIS239,23,43.056999,-89.431,0.2725375225210662,20.862068965517242,20.75862068965517,19.99425287356322,0.9943742665320602,0.9875002130584565,0.9867249687947488,166.0,1.567272808839251,49.5,14.5,12.8669230769,0.0036738784853500186,0.0,23.7339,2021-06-01,0.2725375225210662,21.06896551724138,-0.036427994720312995,-0.24470385678927897,0.7253111357144668,-0.03780730506514374,0.30702028114175306
KWIMADIS249,23,43.014999,-89.508003,-0.10677282230652096,21.982303337424284,19.482758620689655,21.413793103448278,0.9977693639055712,0.9937767527973965,0.9870322593630912,166.0,1.3239394755059113,64.0,14.714285714285712,0.0,0.0013155172659825996,0.0,9.75518,2021-06-01,-0.10677282230652096,20.689655172413794,-0.24470385678927897,0.7253111357144668,-0.03780730506514374,0.30702028114175306,0.2725375225210662
KWIMADIS259,23,43.07,-89.445999,0.46283126453894496,21.25925925925926,19.539509836245742,20.48148148148148,0.9951080052221017,0.991922357642571,0.9915879822974083,166.92592592592592,1.977272808839256,32.166666666666664,21.166666666666668,11.1725,0.0006760052091088339,0.0,21.8724,2021-06-01,0.46283126453894496,21.25925925925926,0.7253111357144668,-0.03780730506514374,0.30702028114175306,0.2725375225210662,-0.10677282230652096
KWIMADIS270,23,43.106,-89.357,1.780495082202762,21.115384615384617,22.692307692307693,21.653846153846153,0.9936346851579583,0.9852216748768468,0.9851977650423986,166.0,1.7339394755059259,62.42857142857143,0.0,12.625,0.001217087451930433,0.0,27.494900000000005,2021-06-01,1.780495082202762,22.576923076923077,-0.03780730506514374,0.30702028114175306,0.2725375225210662,-0.10677282230652096,0.46283126453894496
KWIMADIS273,23,43.176,-89.29,-0.07229006368583057,19.75862068965517,21.448275862068964,20.82758620689655,0.9948359041786433,0.9906855829474961,0.9882650050879306,166.0,1.1806061421725662,0.0,0.0,0.0,0.002759770452613747,0.0,0.659214,2021-06-01,-0.07229006368583057,20.724137931034484,0.30702028114175306,0.2725375225210662,-0.10677282230652096,0.46283126453894496,1.780495082202762
KWIMADIS279,23,43.028799,-89.480341,-0.27918661540996936,20.620689655172413,20.655172413793103,20.03448275862069,0.9947113375851889,0.9934838061349639,0.9889614586005109,166.0,1.470606142172587,34.111111111111114,32.77777777777778,14.554,0.0007037642834204364,0.0,11.0175,2021-06-01,-0.27918661540996936,20.517241379310345,0.2725375225210662,-0.10677282230652096,0.46283126453894496,1.780495082202762,-0.07229006368583057
KWIMADIS283,23,43.052,-89.463,-0.31366937403065975,20.448275862068964,20.50862068965517,20.344827586206897,0.9985877836131923,0.9975542849479565,0.9896948664679267,166.0,1.8406061421725808,38.0,37.5,13.9466666667,0.0017813694884540128,0.0,12.8352,2021-06-01,-0.31366937403065975,20.482758620689655,-0.10677282230652096,0.46283126453894496,1.780495082202762,-0.07229006368583057,-0.27918661540996936
KWIMADIS284,23,43.058397,-89.34886900000001,0.617365108727963,21.724137931034484,21.517241379310345,21.031785375811037,0.9921854851391978,0.9895997168533727,0.9870966877290674,166.0,4.563939475505929,5.25,67.25,12.424,0.007292014264962449,0.0,15.7414,2021-06-01,0.617365108727963,21.413793103448278,0.46283126453894496,1.780495082202762,-0.07229006368583057,-0.27918661540996936,-0.31366937403065975
KWIMADIS287,23,43.061,-89.427,0.06564097079692743,21.06896551724138,16.870689655172413,20.17241379310345,0.9943742665320602,0.9854500050408619,0.9846368274126674,166.0,2.027272808839248,43.16666666666666,29.166666666666668,14.412857142899998,0.0016087593591258117,0.0,18.3679,2021-06-01,0.06564097079692743,20.862068965517242,1.780495082202762,-0.07229006368583057,-0.27918661540996936,-0.31366937403065975,0.617365108727963
KWIMADIS288,23,43.081,-89.303,-0.14125558092721135,21.4151724137931,20.7041437264561,20.79310344827586,0.9977689208671097,0.9871294071888184,0.9801534061652167,166.0,1.9072728088392437,46.0,14.0,11.1875,0.00672776640460764,0.0,17.5618,2021-06-01,-0.14125558092721135,20.655172413793103,-0.07229006368583057,-0.27918661540996936,-0.31366937403065975,0.617365108727963,0.06564097079692743
KWIMADIS290,23,43.016,-89.485,-0.17573833954790175,20.878421613935302,20.655172413793103,20.517241379310345,0.9971915707301687,0.9919553867551834,0.9865624300240311,166.0,1.3939394755059136,71.0,6.0,18.3035294118,0.0010907134136703693,0.0,34.0287,2021-06-01,-0.17573833954790175,20.620689655172413,-0.27918661540996936,-0.31366937403065975,0.617365108727963,0.06564097079692743,-0.14125558092721135
KWIMADIS292,23,43.083308,-89.518523,0.16908924665899505,20.137931034482758,20.586206896551722,21.336206896551722,0.9964760244236813,0.982730090869015,0.9818014060201701,166.0,2.347272808839241,38.6,14.6,13.4033333333,0.0015933364849171352,0.0,17.9394,2021-06-01,0.16908924665899505,20.96551724137931,-0.31366937403065975,0.617365108727963,0.06564097079692743,-0.14125558092721135,-0.17573833954790175
KWIMADIS293,23,43.05299999999999,-89.464,-0.34815213265135014,20.50862068965517,20.482758620689655,20.344827586206897,0.9987969210190861,0.9985877836131923,0.9890142461142877,166.0,1.9572728088392652,40.0,36.16666666666666,12.11,0.0014351233135380342,0.0,15.8595,2021-06-01,-0.34815213265135014,20.448275862068964,0.617365108727963,0.06564097079692743,-0.14125558092721135,-0.17573833954790175,0.16908924665899505
KWIMADIS294,23,43.017,-89.52200000000002,-0.830910753341005,19.482758620689655,21.902529791361495,20.0,0.9878129258137441,0.9871668311944668,0.9866590691313135,166.0,0.7906061421725887,41.5,10.75,0.0,0.0014303442720958331,0.0,21.4108,2021-06-01,-0.830910753341005,19.96551724137931,0.06564097079692743,-0.14125558092721135,-0.17573833954790175,0.16908924665899505,-0.34815213265135014
KWIMADIS301,23,43.031,-89.468,-1.5550486843754854,20.03448275862069,20.655172413793103,20.517241379310345,0.997179550311658,0.9924374628865849,0.9876194629494809,166.0,1.7539394755059077,20.75,32.5,13.536,0.0011256250974036822,0.0,16.5712,2021-06-01,-1.5550486843754854,19.24137931034483,-0.14125558092721135,-0.17573833954790175,0.16908924665899505,-0.34815213265135014,-0.830910753341005
KWIMADIS306,23,43.083,-89.515,-0.6584969602375566,20.96551724137931,21.336206896551722,20.586206896551722,0.9964760244236813,0.9851893564161763,0.9805368982966505,166.0,1.8406061421725808,25.25,23.0,14.165,0.0023462670208504025,0.0,14.3283,2021-06-01,-0.6584969602375566,20.137931034482758,-0.17573833954790175,0.16908924665899505,-0.34815213265135014,-0.830910753341005,-1.5550486843754854
KWIMADIS310,23,43.051125,-89.446227,-0.27918661540996936,20.75862068965517,22.92576802507837,20.344827586206897,0.9946674181144647,0.9943515276165122,0.9919462597281355,166.0,1.4572728088392548,33.333333333333336,23.33333333333333,12.1925,0.0014502104337985485,0.0,16.8177,2021-06-01,-0.27918661540996936,20.517241379310345,0.16908924665899505,-0.34815213265135014,-0.830910753341005,-1.5550486843754854,-0.6584969602375566
KWIMADIS311,23,43.003,-89.428,-0.03780730506514374,20.551724137931036,20.517241379310345,21.551724137931036,0.9975836668122489,0.9913283216359279,0.9887240546983032,166.0,1.220606142172576,40.0,21.83333333333333,0.0,0.004479837894139929,0.0,17.957200000000004,2021-06-01,-0.03780730506514374,20.75862068965517,-0.34815213265135014,-0.830910753341005,-1.5550486843754854,-0.6584969602375566,-0.27918661540996936
KWIMADIS314,23,43.094,-89.30400000000002,-0.5464279947203146,21.01205023761032,20.25,20.291666666666668,0.9877818137406489,0.9871294071888184,0.9841313586566619,166.375,1.2339394755059256,42.0,17.25,9.14666666667,0.0006501035193769309,0.0,7.79778,2021-06-01,-0.5464279947203146,20.25,-0.830910753341005,-1.5550486843754854,-0.6584969602375566,-0.27918661540996936,-0.03780730506514374
KWIMADIS324,23,43.171021,-89.288532,-1.0378073050651437,20.724137931034484,20.517241379310345,20.82758620689655,0.9948359041786433,0.9930401958375215,0.9930401958375215,166.0,0.9106061421725647,0.0,0.0,0.0,0.06580760884417966,0.0,2.89207,2021-06-01,-1.0378073050651437,19.75862068965517,-1.5550486843754854,-0.6584969602375566,-0.27918661540996936,-0.03780730506514374,-0.5464279947203146
KWIMADIS328,23,43.07,-89.53,-0.21022109816859214,21.03448275862069,20.96551724137931,20.137931034482758,0.9904363128070799,0.982730090869015,0.9805368982966505,166.0,1.483939475505908,61.4,4.4,13.481999999999998,0.0007087093029136586,0.0,24.6356,2021-06-01,-0.21022109816859214,20.586206896551722,-0.6584969602375566,-0.27918661540996936,-0.03780730506514374,-0.5464279947203146,-1.0378073050651437
KWIMADIS33,23,43.06201900000001,-89.448875,-0.45160040851341776,18.952112964289366,20.655172413793103,20.344827586206897,0.9935328319563074,0.9924304826212204,0.992158324925456,166.0,2.0072728088392484,27.25,46.25,11.9775,0.0006586714247487096,0.0,10.9436,2021-06-01,-0.45160040851341776,20.344827586206897,-0.27918661540996936,-0.03780730506514374,-0.5464279947203146,-1.0378073050651437,-0.21022109816859214
KWIMADIS331,23,43.092,-89.32,-0.003324546444453347,20.344827586206897,20.7041437264561,21.586206896551722,0.9884307150972403,0.9841313586566619,0.9826565100901912,166.0,1.3706061421726015,39.8,13.4,11.2416666667,0.0011463327998345626,0.0,16.8044,2021-06-01,-0.003324546444453347,20.79310344827586,-0.03780730506514374,-0.5464279947203146,-1.0378073050651437,-0.21022109816859214,-0.45160040851341776
KWIMADIS332,23,43.081,-89.495,-0.7094714729811855,21.57946026986507,21.391304347826086,20.47826086956522,0.9942028510020926,0.9850471125059681,0.9806583931916305,164.8695652173913,1.5239394755059177,10.2,49.4,14.935,0.0009871670150141303,0.0,7.764760000000001,2021-06-01,-0.7094714729811855,20.08695652173913,-0.5464279947203146,-1.0378073050651437,-0.21022109816859214,-0.45160040851341776,-0.003324546444453347
KWIMADIS333,23,43.096,-89.331,-0.45160040851341776,21.586206896551722,20.79310344827586,21.379310344827587,0.9939151429638496,0.9884307150972403,0.9858348329666251,166.0,1.490606142172597,41.16666666666666,21.5,11.146,0.001619902352167667,0.0,23.3329,2021-06-01,-0.45160040851341776,20.344827586206897,-1.0378073050651437,-0.21022109816859214,-0.45160040851341776,-0.003324546444453347,-0.7094714729811855
KWIMADIS334,23,43.073203,-89.436723,-0.6240142016168662,21.103448275862068,21.332554061952077,20.862068965517242,0.9950391900304467,0.9902819386932563,0.9846368274126674,166.0,2.293939475505928,60.75,9.5,16.2566666667,0.0010017518480977875,0.0,19.7846,2021-06-01,-0.6240142016168662,20.17241379310345,-0.21022109816859214,-0.45160040851341776,-0.003324546444453347,-0.7094714729811855,-0.45160040851341776
KWIMADIS335,23,43.069,-89.474,0.031158212176237043,22.413793103448278,20.620689655172413,20.310344827586206,0.9969854935521597,0.9881016801648309,0.9880612109632089,166.0,1.4372728088392552,22.375,57.375,14.7083333333,0.0018038115960131468,0.0,17.7488,2021-06-01,0.031158212176237043,20.82758620689655,-0.45160040851341776,-0.003324546444453347,-0.7094714729811855,-0.45160040851341776,-0.6240142016168662
KWIMADIS336,23,43.070967,-89.441179,0.30702028114175306,21.332554061952077,20.17241379310345,20.344827586206897,0.9951080052221017,0.9950391900304467,0.9883353349269567,166.0,2.497272808839257,44.75,36.0,11.4,0.0007124071875320333,0.0,15.1776,2021-06-01,0.30702028114175306,21.103448275862068,-0.003324546444453347,-0.7094714729811855,-0.45160040851341776,-0.6240142016168662,0.031158212176237043
KWIMADIS338,23,43.055799,-89.443601,-0.03780730506514374,20.517241379310345,20.344827586206897,20.344827586206897,0.9946674181144647,0.9919109991897299,0.990533830890285,166.0,1.4939394755059272,41.16666666666666,26.166666666666668,12.43,0.0014247367114015213,0.0,11.2382,2021-06-01,-0.03780730506514374,20.75862068965517,-0.7094714729811855,-0.45160040851341776,-0.6240142016168662,0.031158212176237043,0.30702028114175306
KWIMADIS340,23,43.164,-89.287,-0.17573833954790175,20.82758620689655,20.517241379310345,19.75862068965517,0.9962243287198318,0.9962243287198318,0.9928650733854391,166.0,0.5706061421725899,44.5,23.666666666666668,0.0,0.0030445231338532713,0.0,20.0725,2021-06-01,-0.17573833954790175,20.620689655172413,-0.45160040851341776,-0.6240142016168662,0.031158212176237043,0.30702028114175306,-0.03780730506514374
KWIMADIS342,23,43.033,-89.47,-0.7619452360996242,19.24137931034483,20.655172413793103,20.517241379310345,0.997179550311658,0.9947868128025656,0.9889614586005109,166.0,1.81060614217259,22.857142857142858,46.85714285714285,12.4166666667,0.0008636917602840979,0.0,6.27545,2021-06-01,-0.7619452360996242,20.03448275862069,-0.6240142016168662,0.031158212176237043,0.30702028114175306,-0.03780730506514374,-0.17573833954790175
KWIMADIS344,23,43.064,-89.485,-0.48608316713410815,20.82758620689655,22.413793103448278,20.331104855735397,0.9880612109632089,0.9853635763081438,0.9806583931916305,166.0,1.6339394755059227,21.0,54.833333333333336,13.203333333299998,0.0021546971907210957,0.0,7.79833,2021-06-01,-0.48608316713410815,20.310344827586206,0.031158212176237043,0.30702028114175306,-0.03780730506514374,-0.17573833954790175,-0.7619452360996242
KWIMADIS345,23,43.0965,-89.34536,0.5828823501072726,21.586206896551722,21.586206896551722,20.344827586206897,0.9918193992211325,0.9859496071001127,0.9858348329666251,166.0,2.4839394755059256,47.0,18.75,12.785,0.0013877170739936982,0.0,20.776199999999996,2021-06-01,0.5828823501072726,21.379310344827587,0.30702028114175306,-0.03780730506514374,-0.17573833954790175,-0.7619452360996242,-0.48608316713410815
KWIMADIS347,23,43.068,-89.462,-0.17573833954790175,20.655172413793103,19.20996623350046,22.413793103448278,0.9921407538403229,0.9914018273216977,0.991057590920917,166.0,1.597272808839261,21.2,55.6,12.5425,0.0010948751519543618,0.0,10.8582,2021-06-01,-0.17573833954790175,20.620689655172413,-0.03780730506514374,-0.17573833954790175,-0.7619452360996242,-0.48608316713410815,0.5828823501072726
KWIMADIS349,23,43.097,-89.369,1.5828823501072726,21.586206896551722,23.167487684729064,20.75862068965517,0.9853489367519707,0.9852216748768468,0.9790446026481876,166.0,4.610606142172591,23.83333333333333,21.33333333333333,12.9466666667,1.0,29.0816,18.6107,2021-06-01,1.5828823501072726,22.379310344827587,-0.17573833954790175,-0.7619452360996242,-0.48608316713410815,0.5828823501072726,-0.17573833954790175
KWIMADIS35,23,43.072777,-89.412224,1.5139168328658918,25.16499282639885,22.137931034482758,20.862068965517242,0.9949293821552941,0.9943670029933156,0.9814552248448988,166.0,2.837272808839261,87.5,0.0,62.209999999999994,0.0017049742772710173,0.0,58.2622,2021-06-01,1.5139168328658918,22.310344827586206,-0.7619452360996242,-0.48608316713410815,0.5828823501072726,-0.17573833954790175,1.5828823501072726
KWIMADIS350,23,43.017,-89.509,0.1166154835405564,20.782608695652176,19.52173913043478,21.17391304347826,0.9977693639055712,0.9925407270494037,0.9872944812744643,168.8695652173913,1.3206061421725988,45.4,27.6,13.926,0.0010188917876063728,0.0,17.4518,2021-06-01,0.1166154835405564,20.91304347826087,-0.48608316713410815,0.5828823501072726,-0.17573833954790175,1.5828823501072726,1.5139168328658918
KWIMADIS41,23,43.088249,-89.356979,0.7897789018314079,21.379310344827587,22.379310344827587,23.167487684729064,0.9859496071001127,0.9853489367519707,0.9825585902591293,166.0,2.503939475505918,61.6,10.8,15.0083333333,0.0026441559701517302,0.0,21.509899999999995,2021-06-01,0.7897789018314079,21.586206896551722,0.5828823501072726,-0.17573833954790175,1.5828823501072726,1.5139168328658918,0.1166154835405564
KWIMADIS47,23,43.04549,-89.44694500000001,2.129497931205613,20.85185185185185,20.3641975308642,21.14814814814815,0.9943515276165122,0.9924995229790212,0.9892784027186126,166.22222222222223,1.8972728088392523,9.0,73.4,19.445,0.0014276875291149966,0.0,5.9485,2021-06-01,2.129497931205613,22.925925925925927,-0.17573833954790175,1.5828823501072726,1.5139168328658918,0.1166154835405564,0.7897789018314079
KWIMADIS52,23,43.070847,-89.406898,1.3415030397624434,22.310344827586206,16.86483765416562,20.862068965517242,0.9943670029933156,0.9924067063929038,0.978105852319726,166.0,2.5206061421725785,75.25,0.0,20.388888888900002,0.0013622833952031152,0.0,30.6439,2021-06-01,1.3415030397624434,22.137931034482758,1.5828823501072726,1.5139168328658918,0.1166154835405564,0.7897789018314079,2.129497931205613
KWIMADIS87,23,43.088791,-89.481972,0.47943407424520146,20.331104855735397,21.336206896551722,20.96551724137931,0.9850471125059681,0.9816878384846909,0.9812716805540472,166.0,2.563939475505901,13.0,53.333333333333336,17.704,0.004581214363722205,0.0,18.3564,2021-06-01,0.47943407424520146,21.275862068965516,1.5139168328658918,0.1166154835405564,0.7897789018314079,2.129497931205613,1.3415030397624434
KWIMCFAR10,23,43.033241,-89.28134900000002,-0.2547613280536467,21.541666666666668,20.916666666666668,21.833333333333332,0.9965017420647849,0.9826685052763892,0.9686777012736137,165.25,1.4906061421725862,15.800000000000002,48.4,0.0,0.004208635047629555,0.0,0.0,2021-06-01,-0.2547613280536467,20.541666666666668,0.1166154835405564,0.7897789018314079,2.129497931205613,1.3415030397624434,0.47943407424520146
KWIMCFAR19,23,43.03,-89.28,0.47943407424520146,20.904673509947344,20.620689655172413,21.689655172413794,0.9965017420647849,0.9838634397984461,0.9693883606586682,166.0,1.657272808839254,35.0,20.166666666666668,0.0,0.002015794332368143,0.0,9.076800000000002,2021-06-01,0.47943407424520146,21.275862068965516,0.7897789018314079,2.129497931205613,1.3415030397624434,0.47943407424520146,-0.2547613280536467
KWIMCFAR20,23,43.02,-89.293,-0.17573833954790175,21.689655172413794,21.275862068965516,20.904673509947344,0.9848918989422125,0.9838634397984461,0.9826685052763892,166.0,1.6339394755059136,35.2,33.4,0.0,0.0010859208393690048,0.0,12.4876,2021-06-01,-0.17573833954790175,20.620689655172413,2.129497931205613,1.3415030397624434,0.47943407424520146,-0.2547613280536467,0.47943407424520146
KWIMCFAR8,23,43.013287,-89.306793,0.893227177693479,20.620689655172413,21.275862068965516,20.904673509947344,0.9848918989422125,0.9693883606586682,0.9686777012736137,166.0,5.933939475505905,26.75,39.0,0.0,1.0,6.12245,15.3734,2021-06-01,0.893227177693479,21.689655172413794,1.3415030397624434,0.47943407424520146,-0.2547613280536467,0.47943407424520146,-0.17573833954790175
KWIMCFAR9,23,42.996799,-89.266418,-0.3343590292030747,20.620689655172413,21.275862068965516,20.904673509947344,0.9659194763126564,0.9653705409250356,0.9621100336198605,166.0,-0.5760605244940661,1.285714285714286,6.142857142857144,0.0,0.0011488122217664773,0.0,0.0,2021-06-01,-0.3343590292030747,20.46206896551724,0.47943407424520146,-0.2547613280536467,0.47943407424520146,-0.17573833954790175,0.893227177693479
KWIMIDDL11,23,43.117218,-89.59227,-0.34815213265135014,24.137931034482758,20.82758620689655,20.20689655172414,0.987512937291764,0.9643913888456128,0.9605682753872654,166.0,1.320606142172581,6.8,7.8,0.0,0.0006998591152394305,0.0,7.40827,2021-06-01,-0.34815213265135014,20.448275862068964,-0.2547613280536467,0.47943407424520146,-0.17573833954790175,0.893227177693479,-0.3343590292030747
KWIMIDDL12,23,43.142822,-89.565666,0.031158212176237043,20.20689655172414,24.137931034482758,20.448275862068964,0.9958689751181309,0.9679738059271865,0.9643913888456128,166.0,-0.9927271911607428,17.833333333333332,2.833333333333333,0.0,0.0005853554457371819,0.0,12.5154,2021-06-01,0.031158212176237043,20.82758620689655,0.47943407424520146,-0.17573833954790175,0.893227177693479,-0.3343590292030747,-0.34815213265135014
KWIMIDDL14,23,43.101780000000005,-89.495956,0.16908924665899505,21.470306513409962,18.318507890961264,21.103448275862068,0.9914791117039465,0.9908157030122995,0.9883633596892468,166.0,2.5006061421725967,17.5,61.5,21.91,0.0016343504252377906,0.0,13.6634,2021-06-01,0.16908924665899505,20.96551724137931,-0.17573833954790175,0.893227177693479,-0.3343590292030747,-0.34815213265135014,0.031158212176237043
KWIMIDDL25,23,43.06100099999999,-89.533501,0.23805476390037583,20.586206896551722,26.137931034482758,20.96551724137931,0.9904363128070799,0.9773611768135867,0.9738340603876112,166.0,0.8939394755059134,0.0,0.0,11.67,0.0005154036771785219,0.0,0.0537129,2021-06-01,0.23805476390037583,21.03448275862069,0.893227177693479,-0.3343590292030747,-0.34815213265135014,0.031158212176237043,0.16908924665899505
KWIMIDDL36,23,43.110374,-89.495911,0.6738785186896479,16.384505021520805,20.96551724137931,21.103448275862068,0.9988958711819094,0.9914791117039465,0.9888839714634887,166.0,2.137272808839244,65.33333333333333,12.5,0.0,0.007485680078214248,0.0,39.809,2021-06-01,0.6738785186896479,21.470306513409962,-0.3343590292030747,-0.34815213265135014,0.031158212176237043,0.16908924665899505,0.23805476390037583
KWIMIDDL41,23,43.106846,-89.506584,0.30702028114175306,21.470306513409962,20.96551724137931,16.417503586800574,0.9888839714634887,0.9883633596892468,0.9878433137689752,166.0,2.1606061421725844,30.6,25.8,12.0128571429,0.0015197209682966187,0.0,22.6805,2021-06-01,0.30702028114175306,21.103448275862068,-0.34815213265135014,0.031158212176237043,0.16908924665899505,0.23805476390037583,0.6738785186896479
KWIMIDDL46,23,43.084,-89.5,0.40357200527968473,20.422061855670105,20.04,20.96,0.9942028510020926,0.9851893564161763,0.9820924302173801,165.84,1.7039394755059067,27.33333333333333,22.0,14.243333333300003,0.0019767550868778384,0.0,15.5395,2021-06-01,0.40357200527968473,21.2,0.031158212176237043,0.16908924665899505,0.23805476390037583,0.6738785186896479,0.30702028114175306
KWIMIDDL58,23,43.074,-89.558,-0.24470385678927897,19.366064068557435,20.75862068965517,21.03448275862069,0.9923028178881739,0.9809519708661144,0.9730144139287853,166.0,1.0172728088392675,6.222222222222222,0.0,0.0,0.0012115205904766077,0.0,1.44869,2021-06-01,-0.24470385678927897,20.551724137931036,0.16908924665899505,0.23805476390037583,0.6738785186896479,0.30702028114175306,0.40357200527968473
KWIMIDDL59,23,43.146,-89.563,-0.5895314429961758,20.82758620689655,24.137931034482758,20.448275862068964,0.9958689751181309,0.9644500492240197,0.9605682753872654,166.0,-0.2193938578274021,4.25,19.0,0.0,0.0005494621934450404,0.0,9.825509999999998,2021-06-01,-0.5895314429961758,20.20689655172414,0.23805476390037583,0.6738785186896479,0.30702028114175306,0.40357200527968473,-0.24470385678927897
KWIMONON4,23,43.057999,-89.341003,0.9277099363141694,21.517241379310345,21.413793103448278,20.70904716774805,0.9965751260699438,0.9921854851391978,0.9900488511014514,166.0,2.937272808839245,20.2,44.6,13.2675,0.03214225861722176,0.0,17.0756,2021-06-01,0.9277099363141694,21.724137931034484,0.6738785186896479,0.30702028114175306,0.40357200527968473,-0.24470385678927897,-0.5895314429961758
KWISUNPR14,23,43.165916,-89.28373,-0.27918661540996936,20.82758620689655,20.620689655172413,19.75862068965517,1.0,0.9962243287198318,0.9930401958375215,166.0,1.3372728088392416,46.75,0.0,0.0,0.0017076021864087295,0.0,20.9345,2021-06-01,-0.27918661540996936,20.517241379310345,0.30702028114175306,0.40357200527968473,-0.24470385678927897,-0.5895314429961758,0.9277099363141694
KWISUNPR29,23,43.165916,-89.28373,0.031158212176237043,20.82758620689655,20.620689655172413,19.75862068965517,1.0,0.9962243287198318,0.9930401958375215,166.0,1.3372728088392416,46.75,0.0,0.0,0.0017076021864087295,0.0,20.9345,2021-06-01,0.031158212176237043,20.82758620689655,0.40357200527968473,-0.24470385678927897,-0.5895314429961758,0.9277099363141694,-0.27918661540996936
KWISUNPR42,23,43.178814,-89.281029,0.6518478673486499,20.724137931034484,19.75862068965517,20.82758620689655,0.9906855829474961,0.9892979243915901,0.9869936182603718,166.0,1.2172728088392655,48.0,0.0,0.0,0.0013522001995766066,0.0,23.5366,2021-06-01,0.6518478673486499,21.448275862068964,-0.24470385678927897,-0.5895314429961758,0.9277099363141694,-0.27918661540996936,0.031158212176237043
KWISUNPR63,23,43.162998,-89.261002,0.8587444190727886,20.82758620689655,20.517241379310345,21.448275862068964,0.9775987620202733,0.9775987620202733,0.9751158798432058,166.0,1.4906061421725776,79.83333333333333,1.5,0.0,0.0015590404737177794,0.0,38.5617,2021-06-01,0.8587444190727886,21.655172413793103,-0.5895314429961758,0.9277099363141694,-0.27918661540996936,0.031158212176237043,0.6518478673486499
KWIVERON28,23,42.992058,-89.547585,-0.6240142016168662,20.20689655172414,20.79310344827586,20.275862068965516,0.9930378050790544,0.9871416851630682,0.9857878607530823,166.0,0.253939475505927,32.2,22.6,0.0,0.00092429234380733,0.0,20.338999999999995,2021-06-01,-0.6240142016168662,20.17241379310345,0.9277099363141694,-0.27918661540996936,0.031158212176237043,0.6518478673486499,0.8587444190727886
KWIVERON43,23,42.999065,-89.547348,-0.5895314429961758,20.17241379310345,20.275862068965516,20.79310344827586,0.9930378050790544,0.9926482264856492,0.9871493277762718,166.0,0.3972728088392347,48.0,23.5,0.0,0.001018907271160785,0.0,9.349119999999997,2021-06-01,-0.5895314429961758,20.20689655172414,-0.27918661540996936,0.031158212176237043,0.6518478673486499,0.8587444190727886,-0.6240142016168662
KWIVERON48,23,43.027,-89.578003,-0.5464279947203146,20.841836734693878,20.714285714285715,19.678571428571427,0.9810482395823829,0.9691092694741534,0.9659681588398559,166.42857142857142,0.8939394755059134,19.75,6.25,0.0,0.0007390215234937945,0.0,0.0,2021-06-01,-0.5464279947203146,20.25,0.031158212176237043,0.6518478673486499,0.8587444190727886,-0.6240142016168662,-0.5895314429961758
KWIVERON50,23,43.034,-89.55999799999998,0.08818738989506869,20.346153846153847,19.76923076923077,20.807692307692307,0.9810482395823829,0.9801550192911468,0.9788121912851517,167.3846153846154,0.2972728088392582,9.5,0.0,0.0,0.004144974321387366,0.0,16.9676,2021-06-01,0.08818738989506869,20.884615384615383,0.6518478673486499,0.8587444190727886,-0.6240142016168662,-0.5895314429961758,-0.5464279947203146
KWIVERON57,23,43.023,-89.543,-1.0033245464444533,20.0,20.275862068965516,20.804597701149426,0.9869500702463119,0.9832668964703547,0.9801550192911468,166.0,0.9806061421725863,2.5,0.0,0.0,0.0033609017915584246,0.0,0.0,2021-06-01,-1.0033245464444533,19.79310344827586,0.8587444190727886,-0.6240142016168662,-0.5895314429961758,-0.5464279947203146,0.08818738989506869
KWIVERON58,23,43.055367,-89.563465,-0.03780730506514374,20.551724137931036,20.804597701149426,19.228949194042034,0.9809519708661144,0.9788121912851517,0.9736112645329922,166.0,0.3139394755059292,38.75,7.0,0.0,0.0027539253657621683,0.0,0.0,2021-06-01,-0.03780730506514374,20.75862068965517,-0.6240142016168662,-0.5895314429961758,-0.5464279947203146,0.08818738989506869,-1.0033245464444533
KWIVERON71,23,43.006464,-89.547021,-0.5205659257547985,20.20689655172414,20.17241379310345,20.79310344827586,0.9926482264856492,0.9857878607530823,0.9836015671517111,166.0,0.6839394755059248,0.0,0.0,0.0,0.0012984934174094516,0.0,0.0,2021-06-01,-0.5205659257547985,20.275862068965516,-0.5895314429961758,-0.5464279947203146,0.08818738989506869,-1.0033245464444533,-0.03780730506514374
KWIVERON72,23,42.996,-89.56,-0.003324546444453347,20.20689655172414,20.17241379310345,20.275862068965516,0.9871493277762718,0.9871416851630682,0.9836015671517111,166.0,-0.4160605244940889,35.166666666666664,0.0,0.0,0.001164659720183709,0.0,8.63611,2021-06-01,-0.003324546444453347,20.79310344827586,-0.5464279947203146,0.08818738989506869,-1.0033245464444533,-0.03780730506514374,-0.5205659257547985
KWIWAUNA25,23,43.171452,-89.452011,-0.14125558092721135,20.275862068965516,21.96551724137931,20.482758620689655,0.9982429279712597,0.9928854508443082,0.9844019219274488,166.0,0.4506061421725942,52.333333333333336,0.0,0.0,0.0005095911735733905,0.0,0.0,2021-06-01,-0.14125558092721135,20.655172413793103,0.08818738989506869,-1.0033245464444533,-0.03780730506514374,-0.5205659257547985,-0.003324546444453347
KWIWAUNA31,23,43.176403,-89.446831,1.169089246658995,20.655172413793103,20.275862068965516,20.482758620689655,0.9928854508443082,0.9911836120975339,0.9845234077065251,166.0,0.753939475505918,46.5,10.25,0.0,0.0006500072488294883,0.0,12.4464,2021-06-01,1.169089246658995,21.96551724137931,-1.0033245464444533,-0.03780730506514374,-0.5205659257547985,-0.003324546444453347,-0.14125558092721135
KWIWAUNA32,23,43.169998,-89.453003,-0.5205659257547985,20.655172413793103,21.96551724137931,20.482758620689655,0.9982429279712597,0.9911836120975339,0.9835798866213579,166.0,0.4572728088392459,41.66666666666666,0.0,0.0,0.0004959811527681736,0.0,0.0,2021-06-01,-0.5205659257547985,20.275862068965516,-0.03780730506514374,-0.5205659257547985,-0.003324546444453347,-0.14125558092721135,1.169089246658995
KWIWAUNA34,23,43.19872300000001,-89.474304,-0.5464279947203146,20.035714285714285,20.392857142857142,20.464285714285715,0.988577452954811,0.9809877302856961,0.9806018629058465,166.42857142857142,0.4872728088392559,38.25,0.0,0.0,0.0016739063590214555,0.0,0.0,2021-06-01,-0.5464279947203146,20.25,-0.5205659257547985,-0.003324546444453347,-0.14125558092721135,1.169089246658995,-0.5205659257547985
KWIWAUNA38,23,43.19700000000001,-89.45500000000001,-0.382634891272037,20.482758620689655,20.03448275862069,20.275862068965516,0.9874318280502578,0.9828078835278229,0.9809877302856961,166.0,0.4139394755059147,48.44444444444444,12.222222222222218,0.0,0.0017666989117195498,0.0,14.1214,2021-06-01,-0.382634891272037,20.413793103448278,-0.003324546444453347,-0.14125558092721135,1.169089246658995,-0.5205659257547985,-0.5464279947203146
KWIWAUNA4,23,43.157375,-89.419601,-0.21022109816859214,21.96551724137931,20.20689655172414,20.655172413793103,0.9678485196288897,0.966592562739671,0.9658708469628228,166.0,1.1006061421726,29.166666666666668,12.333333333333334,0.0,0.0012588257469173926,0.0,9.66093,2021-06-01,-0.21022109816859214,20.586206896551722,-0.14125558092721135,1.169089246658995,-0.5205659257547985,-0.5464279947203146,-0.382634891272037
KWIWAUNA40,23,43.185228,-89.45984,-0.31366937403065975,20.03448275862069,20.413793103448278,21.96551724137931,0.9895783918025499,0.9874318280502578,0.9845234077065251,166.0,0.747272808839247,53.333333333333336,7.0,0.0,0.000555042598470069,0.0,12.4922,2021-06-01,-0.31366937403065975,20.482758620689655,1.169089246658995,-0.5205659257547985,-0.5464279947203146,-0.382634891272037,-0.21022109816859214
KWIWAUNA41,23,43.188,-89.47,-0.7619452360996242,20.482758620689655,20.275862068965516,20.413793103448278,0.9895783918025499,0.988577452954811,0.9828078835278229,166.0,-0.6060605244940866,54.0,17.25,0.0,0.0007821758921083484,0.0,10.6428,2021-06-01,-0.7619452360996242,20.03448275862069,-0.5205659257547985,-0.5464279947203146,-0.382634891272037,-0.21022109816859214,-0.31366937403065975
KWIWINDS10,23,43.206,-89.348,-0.41711764989272737,21.569183885400392,19.586206896551722,20.724137931034484,0.9681947807047209,0.9510070174740524,0.9387033200876007,166.0,-0.7227271911607415,31.0,10.4,0.0,0.020734112195985303,0.0,14.9899,2021-06-01,-0.41711764989272737,20.379310344827587,-0.5464279947203146,-0.382634891272037,-0.21022109816859214,-0.31366937403065975,-0.7619452360996242
